,Product name,Prices,Seller Name,URL,Product Code,IMG
0,Ready stock💥TOBOT BACKPACK,25.00,jackie_yapshyinn,https://shopee.com.my/Ready-stock%F0%9F%92%A5TOBOT-BACKPACK-i.73130469.4350041402,i.73130469.4350041402,"=HYPERLINK(""https://cf.shopee.com.my/file/2f08364cf32bbc8badf16064512d7ca0"")"
1,Cap boy character tayo tobot Spiderman little pony Frozen avengers hello Kitty cars,6.52,moch.aul.my,https://shopee.com.my/Cap-boy-character-tayo-tobot-Spiderman-little-pony-Frozen-avengers-hello-Kitty-cars-i.280225866.4341135339,i.280225866.4341135339,"=HYPERLINK(""https://cf.shopee.com.my/file/ef21ec9250b329d573e304e81fa17572"")"
2,4 IN 1 Tobot Transformation Transformer Robot Car Helicopter Jeep Model for Children,37.90,gunavv,https://shopee.com.my/4-IN-1-Tobot-Transformation-Transformer-Robot-Car-Helicopter-Jeep-Model-for-Children-i.233447681.4433268610,i.233447681.4433268610,"=HYPERLINK(""https://cf.shopee.com.my/file/2c8f78378a6a5df5043a1d09ddd745c5"")"
3,Tobot Machine Warrior Gd Universe Raider Medium Wild Cow Young Toys,144.69,k70192001.my,https://shopee.com.my/Tobot-Machine-Warrior-Gd-Universe-Raider-Medium-Wild-Cow-Young-Toys-i.191401342.4351067503,i.191401342.4351067503,"=HYPERLINK(""https://cf.shopee.com.my/file/9a84fa432e21c50b1dd59a8dcd6dad5d"")"
4,Waterproof Name Stickers Machine Warrior Tobot pok Mon pikachu Paw Patrol Cartoon Sticker Label Stickers,18.67 - 20.36,clair7205.my,https://shopee.com.my/Waterproof-Name-Stickers-Machine-Warrior-Tobot-pok-Mon-pikachu-Paw-Patrol-Cartoon-Sticker-Label-Stickers-i.285395303.4343108827,i.285395303.4343108827,"=HYPERLINK(""https://cf.shopee.com.my/file/123f39807c4ec64feca880d197f47f54"")"
5,MARISA Pencil case lol pencil case lol pencil box lol tobot pencil case tobot pencil box,10.30 - 11.08,marisafashion.my,https://shopee.com.my/MARISA-Pencil-case-lol-pencil-case-lol-pencil-box-lol-tobot-pencil-case-tobot-pencil-box-i.253010573.4432108984,i.253010573.4432108984,"=HYPERLINK(""https://cf.shopee.com.my/file/1c66ef6c6711234fa13468f0d24511dc"")"
6,Banner bunting flag Tobot character birthday flag,14.29,apt_store.my,https://shopee.com.my/Banner-bunting-flag-Tobot-character-birthday-flag-i.265020945.4435812393,i.265020945.4435812393,"=HYPERLINK(""https://cf.shopee.com.my/file/7ec56c6dc2ee9d33f48f19a36c599d32"")"
7,CHILDREN CHARACTER SANDALS..TOBOT,5.50,boggae.global.my,https://shopee.com.my/CHILDREN-CHARACTER-SANDALS..TOBOT-i.241101779.4342942276,i.241101779.4342942276,"=HYPERLINK(""https://cf.shopee.com.my/file/0f790c445874f43f5f3a137ca1671ca3"")"
8,Tobot toys V W Y K,27.85,putrimainan96.my,https://shopee.com.my/Tobot-toys-V-W-Y-K-i.267724424.4347560095,i.267724424.4347560095,"=HYPERLINK(""https://cf.shopee.com.my/file/99507108fa17d9ebb046a2432bfd0167"")"
9,TOBOT ORI KOREAN waterbottles lunchbox spoonfork DISCOUNTED,23.98 - 33.32,trendyland.my,https://shopee.com.my/TOBOT-ORI-KOREAN-waterbottles-lunchbox-spoonfork-DISCOUNTED-i.264956036.4435745412,i.264956036.4435745412,"=HYPERLINK(""https://cf.shopee.com.my/file/7a42b507098d6369e749f045350bbcfb"")"
10,CUTE KIDS TOBOT BACKPACK,28.00,yourfavourite.store,https://shopee.com.my/CUTE-KIDS-TOBOT-BACKPACK-i.293239215.4347596053,i.293239215.4347596053,"=HYPERLINK(""https://cf.shopee.com.my/file/2f08364cf32bbc8badf16064512d7ca0"")"
11, Ready Stock tobot mainan budak lelaki excavator ❉Lokomotif excavator boy excavator mainan kanak kanak yang besar boleh duduk mesin excavator kid hook mesin gelongsor kenderaan kejuruteraan❉,136.91 - 167.59,dhgy123.my,https://shopee.com.my/-Ready-Stock-tobot-mainan-budak-lelaki-excavator-%E2%9D%89Lokomotif-excavator-boy-excavator-mainan-kanak-kanak-yang-besar-boleh-duduk-mesin-excavator-kid-hook-mesin-gelongsor-kenderaan-kejuruteraan%E2%9D%89-i.165245675.4437414601,i.165245675.4437414601,"=HYPERLINK(""https://cf.shopee.com.my/file/7c7288a9481e31fc2d4567a3ce849e86"")"
12,🔥MALAYSIA POS🔥 Mainan Tobot Mainan Robot Transformers Robot Athlon Mini Series Transformation Robot Car Toys for Boys,18.90,sufianhafiz,https://shopee.com.my/%F0%9F%94%A5MALAYSIA-POS%F0%9F%94%A5-Mainan-Tobot-Mainan-Robot-Transformers-Robot-Athlon-Mini-Series-Transformation-Robot-Car-Toys-for-Boys-i.40441688.4436972873,i.40441688.4436972873,"=HYPERLINK(""https://cf.shopee.com.my/file/37d007a1d77c281ebc589be4224d708c"")"
13,Family Fun Toy Machine Warrior Tobot Gd Universe Raider Mini,158.47,aaaa199729.my,https://shopee.com.my/Family-Fun-Toy-Machine-Warrior-Tobot-Gd-Universe-Raider-Mini-i.229059497.4347436075,i.229059497.4347436075,"=HYPERLINK(""https://cf.shopee.com.my/file/07f47133f388ce7b9b13f3c7f216d62b"")"
14,CHILDREN SCHOOL BAG PAUD TK TK SD CLASS 1 HALUS ARISING TOBOT AND CARS BAG,23.02,ita_geraifatin.my,https://shopee.com.my/CHILDREN-SCHOOL-BAG-PAUD-TK-TK-SD-CLASS-1-HALUS-ARISING-TOBOT-AND-CARS-BAG-i.243107752.4428680362,i.243107752.4428680362,"=HYPERLINK(""https://cf.shopee.com.my/file/69fa445f0ddb8e565e0c1f2d0f8d7f4a"")"
15,TAS LED LIGHTS BACKPACK BAG SD SD SOLID 3D CHILDREN LOL HK PONY TOBOT TAYO TRANSFORMER CARS,28.60 - 29.84,bryantbrave.my,https://shopee.com.my/TAS-LED-LIGHTS-BACKPACK-BAG-SD-SD-SOLID-3D-CHILDREN-LOL-HK-PONY-TOBOT-TAYO-TRANSFORMER-CARS-i.250466105.4429763384,i.250466105.4429763384,"=HYPERLINK(""https://cf.shopee.com.my/file/1f308166233d1ab5f09954bd2810d711"")"
16,cloth souvenir snack bag Tobot Tsumtsum Littlepony Minion size 35 x 25cm,22.26,queencupcakess.my,https://shopee.com.my/cloth-souvenir-snack-bag-Tobot-Tsumtsum-Littlepony-Minion-size-35-x-25cm-i.265275172.4435888882,i.265275172.4435888882,"=HYPERLINK(""https://cf.shopee.com.my/file/a0bd63855b9b854e222ff283f1829b6c"")"
17,【NEW ARRIVAL】tobot 【Ready Stock】 ✧Burst car Generasi pertama generasi ke 3 badai badai letupan berputar terbang naga jedi singa pemakan jiwa pejuang ubah bentuk kanak kanak mainan kereta✧,52.04 - 103.94,wangchaoz.my,https://shopee.com.my/%E3%80%90NEW-ARRIVAL%E3%80%91tobot-%E3%80%90Ready-Stock%E3%80%91-%E2%9C%A7Burst-car-Generasi-pertama-generasi-ke-3-badai-badai-letupan-berputar-terbang-naga-jedi-singa-pemakan-jiwa-pejuang-ubah-bentuk-kanak-kanak-mainan-kereta%E2%9C%A7-i.250718975.4434396514,i.250718975.4434396514,"=HYPERLINK(""https://cf.shopee.com.my/file/b92fe9282eb454a5123a8a16900d8b77"")"
18,Worm zones Settings Ultralone Tobot tayo settings Xl,9.20 - 10.14,naucollect.my,https://shopee.com.my/Worm-zones-Settings-Ultralone-Tobot-tayo-settings-Xl-i.281352303.4440921407,i.281352303.4440921407,"=HYPERLINK(""https://cf.shopee.com.my/file/27622e714fcda05cceeab1c5ce2ff474"")"
19,tobot mainan ultraman toy iron man ♞Sesuai dengan Lego Captain America Iron Man Avengers zarah kecil miniatur yang dipas,82.61 - 117.31,76u9uw_y67,https://shopee.com.my/tobot-mainan-ultraman-toy-iron-man-%E2%99%9ESesuai-dengan-Lego-Captain-America-Iron-Man-Avengers-zarah-kecil-miniatur-yang-dipas-i.273730217.4341216159,i.273730217.4341216159,"=HYPERLINK(""https://cf.shopee.com.my/file/f32e08f0e5e588898113dfb3aba7b3ba"")"
20, Ready Stock tobot mainan budak lelaki ♀Ledi Super Flying Toy Set Ukuran Penuh Transformer Besar Little Love Xiaoqing Cool Fei Duoduo Cool Lemily♀,86.29 - 146.27,xianyuea.my,https://shopee.com.my/-Ready-Stock-tobot-mainan-budak-lelaki-%E2%99%80Ledi-Super-Flying-Toy-Set-Ukuran-Penuh-Transformer-Besar-Little-Love-Xiaoqing-Cool-Fei-Duoduo-Cool-Lemily%E2%99%80-i.165393258.4437413294,i.165393258.4437413294,"=HYPERLINK(""https://cf.shopee.com.my/file/2564633f44baeffe214a5ee113341cc7"")"
21,ultraman toy mainan iron man tobot ✱Model Marvel Avengers Iron Man Spider Man Captain America 3 Thor The Hulk Deadpool S,81.88 - 145.80,ipjjg4ub1d,https://shopee.com.my/ultraman-toy-mainan-iron-man-tobot-%E2%9C%B1Model-Marvel-Avengers-Iron-Man-Spider-Man-Captain-America-3-Thor-The-Hulk-Deadpool-S-i.273726256.4341216939,i.273726256.4341216939,"=HYPERLINK(""https://cf.shopee.com.my/file/d937f5118e910810c93837814d9c191c"")"
22,tobot ultraman toy mainan iron man ✿Versi live action Marvel dari ornamen model buatan tangan Avengers 1 6 Iron Man mk5,161.33 - 210.64,76u9uw_y67,https://shopee.com.my/tobot-ultraman-toy-mainan-iron-man-%E2%9C%BFVersi-live-action-Marvel-dari-ornamen-model-buatan-tangan-Avengers-1-6-Iron-Man-mk5-i.273730217.4341221216,i.273730217.4341221216,"=HYPERLINK(""https://cf.shopee.com.my/file/45944738a6f1ca864a2c5670e7456e78"")"
23,2020New HDY Remote Control Car Transformers Robot toy Bumble Bee Tobot RC Toys Boy kereta Mainan Kid Gift Early Learning Crawler 502,89.00,aiersiteng01.my,https://shopee.com.my/2020New-HDY-Remote-Control-Car-Transformers-Robot-toy-Bumble-Bee-Tobot-RC-Toys-Boy-kereta-Mainan-Kid-Gift-Early-Learning-Crawler-502-i.120388435.4341936447,i.120388435.4341936447,"=HYPERLINK(""https://cf.shopee.com.my/file/981eb25654e728695237c069eb08d15c"")"
24,【NEW ARRIVAL】【Ready Stock】 tobot ✬Transformer alat kawalan jauh kereta mainan elektrik kanak kanak yang boleh dicas semula induksi drift bertukar mainan robot✬,77.61 - 108.75,zhongfuo.my,https://shopee.com.my/%E3%80%90NEW-ARRIVAL%E3%80%91%E3%80%90Ready-Stock%E3%80%91-tobot-%E2%9C%ACTransformer-alat-kawalan-jauh-kereta-mainan-elektrik-kanak-kanak-yang-boleh-dicas-semula-induksi-drift-bertukar-mainan-robot%E2%9C%AC-i.167529128.4434397722,i.167529128.4434397722,"=HYPERLINK(""https://cf.shopee.com.my/file/057c1e63ba992eaad5bf32ecddb683de"")"
25, Ready Stock tobot mainan budak lelaki ☛Deformasi robot kereta dinosaurus suara dan muzik ringan Tyrannosaurus rex model boy pendidikan mainan kanak kanak kereta☛,92.27 - 154.55,brszkj.my,https://shopee.com.my/-Ready-Stock-tobot-mainan-budak-lelaki-%E2%98%9BDeformasi-robot-kereta-dinosaurus-suara-dan-muzik-ringan-Tyrannosaurus-rex-model-boy-pendidikan-mainan-kanak-kanak-kereta%E2%98%9B-i.161477413.4437411991,i.161477413.4437411991,"=HYPERLINK(""https://cf.shopee.com.my/file/6bbf30523469a96aa8257a69f54b0303"")"
26,tobotMainan【Ready Stock】Gallo TOBOT TOBOT baru King Kong Brothers Fit Transformers Toy Deformation Car Robot Toy,84.12 - 251.39,jinyuas.my,https://shopee.com.my/tobotMainan%E3%80%90Ready-Stock%E3%80%91Gallo-TOBOT-TOBOT-baru-King-Kong-Brothers-Fit-Transformers-Toy-Deformation-Car-Robot-Toy-i.165168027.4433766780,i.165168027.4433766780,"=HYPERLINK(""https://cf.shopee.com.my/file/ab7e4208e484130e4011d0ea88a1eab6"")"
27, Ready Stock tobot mainan budak lelaki ♀Laporan Cepat Mainan Fit dengan Letupan Robot Suit Mecha Binatang Peledak Berubah Mainan Kereta Mainan Cacat♀,103.93 - 250.43,shengdinglong.my,https://shopee.com.my/-Ready-Stock-tobot-mainan-budak-lelaki-%E2%99%80Laporan-Cepat-Mainan-Fit-dengan-Letupan-Robot-Suit-Mecha-Binatang-Peledak-Berubah-Mainan-Kereta-Mainan-Cacat%E2%99%80-i.171618671.4437411047,i.171618671.4437411047,"=HYPERLINK(""https://cf.shopee.com.my/file/97a660f0ecf641208d6203eb401d3e19"")"
28,CHILDREN'S TAS BOY CHILDREN'S TROLLEY BACKPACK SCHOOL BACKPACK FASHION BACKPACK CHARACTERS TOBOT 3D,59.15,wowa.my,https://shopee.com.my/CHILDREN'S-TAS-BOY-CHILDREN'S-TROLLEY-BACKPACK-SCHOOL-BACKPACK-FASHION-BACKPACK-CHARACTERS-TOBOT-3D-i.256190833.4432726034,i.256190833.4432726034,"=HYPERLINK(""https://cf.shopee.com.my/file/9e8a997eb708295175f36cdbf3113a9c"")"
29,【Ready Stock】Tobot【NEW ARRIVAL】Pengurusan kewangan pintar menari robot kawalan jauh kanak kanak belajar suara mengecas penggerak Renyi kanak kanak lelaki dan perempuan mainan kebijaksanaan,142.27 - 202.53,yisi50.my,https://shopee.com.my/%E3%80%90Ready-Stock%E3%80%91Tobot%E3%80%90NEW-ARRIVAL%E3%80%91Pengurusan-kewangan-pintar-menari-robot-kawalan-jauh-kanak-kanak-belajar-suara-mengecas-penggerak-Renyi-kanak-kanak-lelaki-dan-perempuan-mainan-kebijaksanaan-i.166599177.4432191338,i.166599177.4432191338,"=HYPERLINK(""https://cf.shopee.com.my/file/c4c997df430fc4306e93a3c45bbd2f7b"")"
30, Ready Stock tobot mainan budak lelaki ♞Pigman mainan lima roh robot penjaga deformasi terang besi penumbuk tinju lima roh kunci budak mainan set lengkap♞,102.85,sjzjnwh.my,https://shopee.com.my/-Ready-Stock-tobot-mainan-budak-lelaki-%E2%99%9EPigman-mainan-lima-roh-robot-penjaga-deformasi-terang-besi-penumbuk-tinju-lima-roh-kunci-budak-mainan-set-lengkap%E2%99%9E-i.193845775.4437415395,i.193845775.4437415395,"=HYPERLINK(""https://cf.shopee.com.my/file/59cd36c8b95a17192f4b9765d3ef17ac"")"
31, Ready Stock tobot mainan budak lelaki excavator ✾Kanak kanak bayi lelaki gadis inersia kejuruteraan trak buldoser forklift excavator model kanak kanak kereta mainan kecil✾,88.13,tiandig.my,https://shopee.com.my/-Ready-Stock-tobot-mainan-budak-lelaki-excavator-%E2%9C%BEKanak-kanak-bayi-lelaki-gadis-inersia-kejuruteraan-trak-buldoser-forklift-excavator-model-kanak-kanak-kereta-mainan-kecil%E2%9C%BE-i.164768693.4437416790,i.164768693.4437416790,"=HYPERLINK(""https://cf.shopee.com.my/file/f859a44699281b8b6a0512d7320a0d72"")"
32,【Ready Stock】 gundam hg 【Lowest Price】 tobot ✳Jualan impuls harga rendah Kelas tinggi dan tinggi Model Gundam baru Baru belum dibuka dan tidak dipasang✳,136.47 - 166.76,xinghua89.my,https://shopee.com.my/%E3%80%90Ready-Stock%E3%80%91-gundam-hg-%E3%80%90Lowest-Price%E3%80%91-tobot-%E2%9C%B3Jualan-impuls-harga-rendah-Kelas-tinggi-dan-tinggi-Model-Gundam-baru-Baru-belum-dibuka-dan-tidak-dipasang%E2%9C%B3-i.166645093.4436573843,i.166645093.4436573843,"=HYPERLINK(""https://cf.shopee.com.my/file/033a4465dc189572934d3799a83af2ae"")"
33, Ready Stock tobot mainan budak lelaki excavator ♛Jatuh tahan anak lelaki kereta mainan inersia kanak kanak bayi tarik balik jalan penggali kenderaan kejuruteraan kenderaan gadis kecil♛,121.42,ahhsqcfz.my,https://shopee.com.my/-Ready-Stock-tobot-mainan-budak-lelaki-excavator-%E2%99%9BJatuh-tahan-anak-lelaki-kereta-mainan-inersia-kanak-kanak-bayi-tarik-balik-jalan-penggali-kenderaan-kejuruteraan-kenderaan-gadis-kecil%E2%99%9B-i.161518942.4437417974,i.161518942.4437417974,"=HYPERLINK(""https://cf.shopee.com.my/file/a5141974a9d5b9280049deee19c897fa"")"
34,【Lowest Price】 gundam hg tobot 【Ready Stock】 ♨Meisterstuck model HG1 144 cetak semula Delta unicorn yang lengkap dilengkapi nasib model mainan Gundam yang dipasang♨,95.44 - 239.16,chuhaibo123.my,https://shopee.com.my/%E3%80%90Lowest-Price%E3%80%91-gundam-hg-tobot-%E3%80%90Ready-Stock%E3%80%91-%E2%99%A8Meisterstuck-model-HG1-144-cetak-semula-Delta-unicorn-yang-lengkap-dilengkapi-nasib-model-mainan-Gundam-yang-dipasang%E2%99%A8-i.255012394.4436574773,i.255012394.4436574773,"=HYPERLINK(""https://cf.shopee.com.my/file/b2522af8d372ee9fc012cac52696f9a2"")"
35,tobot 【NEW ARRIVAL】 【Ready Stock】 Transformer toy 5 model robot car bumblebee Optimus wire wire buatan tangan aloi versi anak lelaki 4,101.67 - 194.75,chunssheng.my,https://shopee.com.my/tobot-%E3%80%90NEW-ARRIVAL%E3%80%91-%E3%80%90Ready-Stock%E3%80%91-Transformer-toy-5-model-robot-car-bumblebee-Optimus-wire-wire-buatan-tangan-aloi-versi-anak-lelaki-4-i.180693052.4436727927,i.180693052.4436727927,"=HYPERLINK(""https://cf.shopee.com.my/file/74074cde136b5cc2f024fb73bed15fe6"")"
36,tobot mainan iron man ultraman toy ღKartun wira Q versi boneka hiasan Iron Man Tyrant Spider Man Captain America hadiah,63.62 - 91.01,itxq4naot9,https://shopee.com.my/tobot-mainan-iron-man-ultraman-toy-%E1%83%A6Kartun-wira-Q-versi-boneka-hiasan-Iron-Man-Tyrant-Spider-Man-Captain-America-hadiah-i.273728803.4441221511,i.273728803.4441221511,"=HYPERLINK(""https://cf.shopee.com.my/file/c5162342d1e594e7e93db833fedbd294"")"
37,tobot iron man mainan ultraman toy ✵㊙️‼️复仇者联盟非合金属钢铁侠mk43发光模型玩具可动手办礼物☉,173.20 - 246.25,itxq4naot9,https://shopee.com.my/tobot-iron-man-mainan-ultraman-toy-%E2%9C%B5%E3%8A%99%EF%B8%8F%E2%80%BC%EF%B8%8F%E5%A4%8D%E4%BB%87%E8%80%85%E8%81%94%E7%9B%9F%E9%9D%9E%E5%90%88%E9%87%91%E5%B1%9E%E9%92%A2%E9%93%81%E4%BE%A0mk43%E5%8F%91%E5%85%89%E6%A8%A1%E5%9E%8B%E7%8E%A9%E5%85%B7%E5%8F%AF%E5%8A%A8%E6%89%8B%E5%8A%9E%E7%A4%BC%E7%89%A9%E2%98%89-i.273728803.4441216076,i.273728803.4441216076,"=HYPERLINK(""https://cf.shopee.com.my/file/72b97f79f1d8e434189e9319c9bc5585"")"
38,Hot new products HDY Remote Control Car Transformers Robot toy Bumble Bee Tobot RC Toys Boy kereta Mainan Kid Gift Early Learning Crawler,86.00 - 141.00,deyang2008.my,https://shopee.com.my/Hot-new-products-HDY-Remote-Control-Car-Transformers-Robot-toy-Bumble-Bee-Tobot-RC-Toys-Boy-kereta-Mainan-Kid-Gift-Early-Learning-Crawler-i.83772182.4348473237,i.83772182.4348473237,"=HYPERLINK(""https://cf.shopee.com.my/file/405beec615f3d54e9ea7e63db8112ba0"")"
39, Ready Stock tobot mainan budak lelaki ✥Hadiah mainan kanak kanak robot elektronik Avengers King Kong hadiah elektronik✥,93.80 - 106.08,sjzjnwh.my,https://shopee.com.my/-Ready-Stock-tobot-mainan-budak-lelaki-%E2%9C%A5Hadiah-mainan-kanak-kanak-robot-elektronik-Avengers-King-Kong-hadiah-elektronik%E2%9C%A5-i.193845775.4437409427,i.193845775.4437409427,"=HYPERLINK(""https://cf.shopee.com.my/file/8b9828381d69ef7dc51395a2b9c59230"")"
40,NEW PROMO CHEAP SCHOOL BAG CHILDREN SCHOOL OF BIG ELEMENTARY SCHOOL MOTIVE BOLAK BEHIND A LOT OF TAYO TOBOT PRINCESS FROZEN IMAGES,30.17,arisaprizal77.my,https://shopee.com.my/NEW-PROMO-CHEAP-SCHOOL-BAG-CHILDREN-SCHOOL-OF-BIG-ELEMENTARY-SCHOOL-MOTIVE-BOLAK-BEHIND-A-LOT-OF-TAYO-TOBOT-PRINCESS-FROZEN-IMAGES-i.250618333.4429851444,i.250618333.4429851444,"=HYPERLINK(""https://cf.shopee.com.my/file/c0a2005089b239a713e80c03a8ce7646"")"
41, Ready Stock tobot mainan budak lelaki ✩Perubahan bintang Ares enam badan mainan deformasi budak lelaki teka teki robot robot pemasangan alat mainan set kotak hadiah✩,97.30 - 230.48,heishezi.my,https://shopee.com.my/-Ready-Stock-tobot-mainan-budak-lelaki-%E2%9C%A9Perubahan-bintang-Ares-enam-badan-mainan-deformasi-budak-lelaki-teka-teki-robot-robot-pemasangan-alat-mainan-set-kotak-hadiah%E2%9C%A9-i.149454247.4437414707,i.149454247.4437414707,"=HYPERLINK(""https://cf.shopee.com.my/file/88381623dcf48ba20edae016e94e3659"")"
42,Tobot Athlon 4 Toys Robocar Athlon 4 Series,19.06,fanilashop.my,https://shopee.com.my/Tobot-Athlon-4-Toys-Robocar-Athlon-4-Series-i.243113924.4428695467,i.243113924.4428695467,"=HYPERLINK(""https://cf.shopee.com.my/file/6ff61364a60b66bc7ff57c62bb217bc1"")"
43,Transformers mainan tobot♗Hercules deformation toy vajra fitting robot excavator engineering kenderaan gt original boy nbk kombinasi super♗,140.79 - 683.67,lzp00107.my,https://shopee.com.my/Transformers-mainan-tobot%E2%99%97Hercules-deformation-toy-vajra-fitting-robot-excavator-engineering-kenderaan-gt-original-boy-nbk-kombinasi-super%E2%99%97-i.88261244.4434921581,i.88261244.4434921581,"=HYPERLINK(""https://cf.shopee.com.my/file/306efc294804a9a3603a1eb288c492d0"")"
44,Transformers mainan tobot❉Dexation Toy Dinosaur King Kong Child Boy Variety 4 Dinosaur Model Car Robot Deformation Car Tyrannosaurus 6❉,82.34 - 149.11,jasiofhjsdio.my,https://shopee.com.my/Transformers-mainan-tobot%E2%9D%89Dexation-Toy-Dinosaur-King-Kong-Child-Boy-Variety-4-Dinosaur-Model-Car-Robot-Deformation-Car-Tyrannosaurus-6%E2%9D%89-i.165243998.4434920811,i.165243998.4434920811,"=HYPERLINK(""https://cf.shopee.com.my/file/3f5079b756df9ce988e6190f381845c3"")"
45,transformers ultraman toy mainan tobot mainan budak lelaki ♞Ultraman Kuasa Daya Kuasa Asli Edisi Q Edisi Ultra Bola Bola,23.24 - 47.51,ipjjg4ub1d,https://shopee.com.my/transformers-ultraman-toy-mainan-tobot-mainan-budak-lelaki-%E2%99%9EUltraman-Kuasa-Daya-Kuasa-Asli-Edisi-Q-Edisi-Ultra-Bola-Bola-i.273726256.4341383270,i.273726256.4341383270,"=HYPERLINK(""https://cf.shopee.com.my/file/63dd08fa4ed9aeb00ca44ff92da9623a"")"
46,Transformers mainan tobot☜Teka teki mainan kanak kanak multifungsi 2 3 tahun induksi alat kawalan jauh ubah bentuk kereta budak lelaki King Kong alat kawalan jauh elektrik elektrik 6 tahun☜,102.93 - 206.93,nfbfhg.my,https://shopee.com.my/Transformers-mainan-tobot%E2%98%9CTeka-teki-mainan-kanak-kanak-multifungsi-2-3-tahun-induksi-alat-kawalan-jauh-ubah-bentuk-kereta-budak-lelaki-King-Kong-alat-kawalan-jauh-elektrik-elektrik-6-tahun%E2%98%9C-i.149256535.4434921313,i.149256535.4434921313,"=HYPERLINK(""https://cf.shopee.com.my/file/a0e280f172781acf325a60d4e2f79d09"")"
47,Transformers mainan tobot✹Hasbro Transformers Storm Series Optimus Prime Hornet Megatron Red Spider Boy Model Mainan✹,109.38 - 123.94,qiuhong.my,https://shopee.com.my/Transformers-mainan-tobot%E2%9C%B9Hasbro-Transformers-Storm-Series-Optimus-Prime-Hornet-Megatron-Red-Spider-Boy-Model-Mainan%E2%9C%B9-i.160063555.4434921347,i.160063555.4434921347,"=HYPERLINK(""https://cf.shopee.com.my/file/1af90294f0cba89cba6c915c27aba627"")"
48,Transformers mainan tobot♀Iron Dragon 2 Dragon Soul Awakening Transfiguration Dinosaur King Kong 5 Tyrannosaurus Mechanical Beast Warrior Ultra Dragon Toy♀,136.63 - 639.99,snfgkh.my,https://shopee.com.my/Transformers-mainan-tobot%E2%99%80Iron-Dragon-2-Dragon-Soul-Awakening-Transfiguration-Dinosaur-King-Kong-5-Tyrannosaurus-Mechanical-Beast-Warrior-Ultra-Dragon-Toy%E2%99%80-i.149856201.4434921483,i.149856201.4434921483,"=HYPERLINK(""https://cf.shopee.com.my/file/a6b83197482907ad57face514aefa50e"")"
49,🔥Ready Stock 🔥1 14 Fr Msia RC Remote CoTransformers Robot Tobot Kereta Toys Birthday Gift Mainan,42.90,jo.sabbir,https://shopee.com.my/%F0%9F%94%A5Ready-Stock-%F0%9F%94%A51-14-Fr-Msia-RC-Remote-CoTransformers-Robot-Tobot-Kereta-Toys-Birthday-Gift-Mainan-i.80971492.4422823967,i.80971492.4422823967,"=HYPERLINK(""https://cf.shopee.com.my/file/1eece22c2c288969225bc1094e7472a0"")"
